{"cameraMode":{"drawMode":0,"name":"Shaded","section":"Shading Mode"},"sceneLighting":false,"audioPlay":false,"sceneViewState":{"showFog":true,"showMaterialUpdate":true,"showSkybox":false,"showFlares":true,"showImageEffects":true,"showParticleSystems":true},"in2DMode":false,"pivot":{"x":-3.691840171813965,"y":0.7973747253417969,"z":9.660037994384766},"rotation":{"x":0.03147058188915253,"y":0.9683234691619873,"z":-0.18522392213344575,"w":0.16452060639858247},"size":77.18928527832031,"orthographic":false}