{"cameraMode":{"drawMode":0,"name":"Shaded","section":"Shading Mode"},"sceneLighting":false,"audioPlay":false,"sceneViewState":{"showFog":true,"showMaterialUpdate":true,"showSkybox":false,"showFlares":true,"showImageEffects":true,"showParticleSystems":true},"in2DMode":false,"pivot":{"x":5.933990001678467,"y":1.511474609375,"z":-8.421116828918457},"rotation":{"x":0.002482039388269186,"y":-0.9973162412643433,"z":0.06080998107790947,"w":0.040709275752305987},"size":1.678359031677246,"orthographic":false}