{"cameraMode":{"drawMode":0,"name":"Shaded","section":"Shading Mode"},"sceneLighting":false,"audioPlay":false,"sceneViewState":{"showFog":true,"showMaterialUpdate":true,"showSkybox":false,"showFlares":true,"showImageEffects":true,"showParticleSystems":true},"in2DMode":false,"pivot":{"x":5.66147518157959,"y":1.4400634765625,"z":-9.032851219177246},"rotation":{"x":-0.007868997752666474,"y":0.9892065525054932,"z":-0.057934705168008807,"w":-0.13436006009578706},"size":3.708167314529419,"orthographic":false}