{"cameraMode":{"drawMode":0,"name":"Shaded","section":"Shading Mode"},"sceneLighting":false,"audioPlay":false,"sceneViewState":{"showFog":true,"showMaterialUpdate":true,"showSkybox":false,"showFlares":true,"showImageEffects":true,"showParticleSystems":true},"in2DMode":false,"pivot":{"x":0.0,"y":4.704999923706055,"z":-2.1530001163482668},"rotation":{"x":-0.0006226749392226338,"y":0.9940025806427002,"z":-0.1092805564403534,"w":-0.00567043898627162},"size":0.5442233681678772,"orthographic":false}