{"cameraMode":{"drawMode":0,"name":"Shaded","section":"Shading Mode"},"sceneLighting":false,"audioPlay":false,"sceneViewState":{"showFog":true,"showMaterialUpdate":true,"showSkybox":false,"showFlares":true,"showImageEffects":true,"showParticleSystems":true},"in2DMode":false,"pivot":{"x":5.89300012588501,"y":1.524999976158142,"z":-8.649999618530274},"rotation":{"x":-0.0022999951615929605,"y":0.9976956248283386,"z":-0.04942630976438522,"w":-0.046426352113485339},"size":2.1052682399749758,"orthographic":false}