{"cameraMode":{"drawMode":0,"name":"Shaded","section":"Shading Mode"},"sceneLighting":true,"audioPlay":false,"sceneViewState":{"showFog":true,"showMaterialUpdate":true,"showSkybox":true,"showFlares":true,"showImageEffects":true,"showParticleSystems":true},"in2DMode":false,"pivot":{"x":338.98370361328127,"y":302.98565673828127,"z":-0.0005209862720221281},"rotation":{"x":0.0015002164291217924,"y":-0.0014506394509226084,"z":0.0000066452230385039,"w":1.0000191926956177},"size":520.3472900390625,"orthographic":false}